"period","usage","cost"
"2014-07-03 00:00 to 2014-07-28 00:00",1995,207.88
"2014-07-28 00:00 to 2014-08-26 00:00",2175,235.12
"2014-08-26 00:00 to 2014-09-25 00:00",2079,224.26
"2014-09-25 00:00 to 2014-10-28 00:00",1237,96.57
"2014-10-28 00:00 to 2014-11-23 23:00",797,60.21
"2014-11-24 00:00 to 2014-12-26 00:00",956,71.91
"2014-12-26 00:00 to 2015-01-27 00:00",1038,88.62
"2015-01-27 00:00 to 2015-02-24 00:00",891,76.93
"2015-02-24 00:00 to 2015-03-25 01:00",747,64.75
"2015-03-25 00:00 to 2015-04-28 00:00",1045,91.87
"2015-04-28 00:00 to 2015-05-27 00:00",1609,130.04
"2015-05-27 00:00 to 2015-06-25 00:00",2486,236.93
"2015-06-25 00:00 to 2015-07-28 00:00",2728,261.05
"2015-07-28 00:00 to 2015-08-26 00:00",2385,226.86
"2015-08-26 00:00 to 2015-09-28 00:00",1844,153.45
"2015-09-28 00:00 to 2015-10-27 00:00",934,70.29
"2015-10-27 00:00 to 2015-11-23 23:00",693,52.55
"2015-11-24 00:00 to 2015-12-28 00:00",1165,84.06
"2015-12-28 00:00 to 2016-01-27 00:00",957,77.25
"2016-01-27 00:00 to 2016-02-24 00:00",948,76.53
"2016-02-24 00:00 to 2016-03-28 01:00",1231,94.39
"2016-03-28 00:00 to 2016-04-26 00:00",1025,82.14
"2016-04-26 00:00 to 2016-05-25 00:00",1390,103.86
"2016-05-25 00:00 to 2016-06-27 00:00",2673,236.89
"2016-06-27 00:00 to 2016-07-27 00:00",2905,258.39
"2016-07-27 00:00 to 2016-08-26 00:00",2726,244.14
"2016-08-26 00:00 to 2016-09-28 00:00",2664,238.34
"2016-09-28 00:00 to 2016-10-26 00:00",1172,93.28
"2016-10-26 00:00 to 2016-11-21 23:00",839,63.3
"2016-11-22 00:00 to 2016-12-27 00:00",1009,75.64
"2016-12-27 00:00 to 2017-01-26 00:00",820,70.51
"2017-01-26 00:00 to 2017-02-23 00:00",901,77.32
"2017-02-23 00:00 to 2017-03-28 01:00",902,77.41
"2017-03-28 00:00 to 2017-04-25 00:00",928,79.59
"2017-04-25 00:00 to 2017-05-24 00:00",1242,102.81
"2017-05-24 00:00 to 2017-06-27 00:00",2226,209.77
"2017-06-27 00:00 to 2017-07-26 00:00",2617,266.55
"2017-07-26 00:00 to 2017-08-28 00:00",2832,289.34
"2017-08-28 00:00 to 2017-09-26 00:00",1456,143.49
"2017-09-26 00:00 to 2017-10-26 00:00",1369,122.46
"2017-10-26 00:00 to 2017-11-26 23:00",879,83.82
"2017-11-27 00:00 to 2017-12-20 00:00",764,73.06
"2017-12-20 00:00 to 2018-01-24 00:00",1101,91.74
"2018-01-24 00:00 to 2018-02-23 00:00",964,82.26
"2018-02-23 00:00 to 2018-03-26 01:00",999,85.19
"2018-03-26 00:00 to 2018-04-25 00:00",873,74.63
"2018-04-25 00:00 to 2018-05-24 00:00",1355,108.03
"2018-05-24 00:00 to 2018-06-26 00:00",2566,235.8
"2018-06-26 00:00 to 2018-07-26 00:00",2743,264.11
"2018-07-26 00:00 to 2018-08-28 00:00",2645,257.62
"2018-08-28 00:00 to 2018-09-25 00:00",2385,231.23
"2018-09-25 00:00 to 2018-10-26 00:00",1621,133.81
"2018-10-26 00:00 to 2018-11-26 23:00",979,82.28
"2018-11-27 00:00 to 2018-12-26 00:00",912,76.76
"2018-12-26 00:00 to 2019-01-28 00:00",1056,89.79
"2019-01-28 00:00 to 2019-02-25 00:00",875,75.58
"2019-02-25 00:00 to 2019-03-26 01:00",867,74.9
"2019-03-26 00:00 to 2019-04-24 00:00",936,80.74
"2019-04-24 00:00 to 2019-05-28 00:00",2303,170.84
"2019-05-28 00:00 to 2019-06-26 00:00",2129,195.66
"2019-06-26 00:00 to 2019-07-26 00:00",2832,263.85
"2019-07-26 00:00 to 2019-08-27 00:00",3388,317.79
"2019-08-27 00:00 to 2019-09-25 00:00",2757,256.58
"2019-09-25 00:00 to 2019-10-28 00:00",1775,121.88
"2019-10-28 00:00 to 2019-11-21 23:00",670,52.7
"2019-11-22 00:00 to 2019-12-26 00:00",1005,83.33
"2019-12-26 00:00 to 2020-01-27 00:00",1078,92.3
"2020-01-27 00:00 to 2020-02-25 00:00",1027,88.93
"2020-02-25 00:00 to 2020-03-26 01:00",1025,88.8
"2020-03-26 00:00 to 2020-04-27 00:00",1213,101.21
"2020-04-27 00:00 to 2020-05-26 00:00",1482,118.96
"2020-05-26 00:00 to 2020-06-25 00:00",2605,244.44
"2020-06-25 00:00 to 2020-07-28 00:00",2664,257.14
"2020-07-28 00:00 to 2020-08-26 00:00",2420,245.67
"2020-08-26 00:00 to 2020-09-25 00:00",1842,193.61
"2020-09-25 00:00 to 2020-10-27 00:00",1307,124.41
"2020-10-27 00:00 to 2020-11-19 23:00",1759,160.12
"2020-11-20 00:00 to 2020-12-28 00:00",3120,267.63
"2020-12-28 00:00 to 2021-01-26 00:00",2412,175.52
"2021-01-26 00:00 to 2021-02-23 00:00",2263,165.98
"2021-02-23 00:00 to 2021-03-26 01:00",2178,160.54
"2021-03-26 00:00 to 2021-04-27 00:00",2258,194.74
"2021-04-27 00:00 to 2021-05-25 00:00",2173,188.21
"2021-05-25 00:00 to 2021-06-25 00:00",2761,289.77
"2021-06-25 00:00 to 2021-07-27 00:00",2754,289.0
"2021-07-27 00:00 to 2021-08-25 00:00",2984,320.79
"2021-08-25 00:00 to 2021-09-27 00:00",2694,294.92
"2021-09-27 00:00 to 2021-10-26 00:00",1983,192.68
"2021-10-26 00:00 to 2021-11-22 23:00",1825,169.89
"2021-11-23 00:00 to 2021-12-27 00:00",2113,203.92
"2021-12-27 00:00 to 2022-01-26 00:00",2473,191.79
"2022-01-26 00:00 to 2022-02-23 00:00",2209,173.58
"2022-02-23 00:00 to 2022-03-28 01:00",2192,172.4
"2022-03-28 00:00 to 2022-04-26 00:00",1749,141.84
"2022-04-26 00:00 to 2022-05-24 00:00",2144,169.09
"2022-05-24 00:00 to 2022-06-27 00:00",3121,315.17
"2022-06-27 00:00 to 2022-07-26 00:00",3019,307.83
"2022-07-26 00:00 to 2022-08-25 00:00",2736,278.9
"2022-08-25 00:00 to 2022-09-27 00:00",2619,336.32
"2022-09-27 00:00 to 2022-10-26 00:00",1685,178.51
"2022-10-26 00:00 to 2022-11-21 23:00",1697,170.34
"2022-11-22 00:00 to 2022-12-27 00:00",2441,196.65
"2022-12-27 00:00 to 2023-01-26 00:00",2256,197.11
"2023-01-26 00:00 to 2023-02-24 00:00",2131,187.36
"2023-02-24 00:00 to 2023-03-28 01:00",2081,183.46
"2023-03-28 00:00 to 2023-04-25 00:00",1708,154.37
"2023-04-25 00:00 to 2023-05-24 00:00",1899,169.28
"2023-05-24 00:00 to 2023-06-23 00:00",2369,249.74
"2023-06-23 00:00 to 2023-07-24 00:00",2854,303.09
"2023-07-24 00:00 to 2023-08-22 00:00",2964,315.19
"2023-08-22 00:00 to 2023-09-19 00:00",2703,312.51
"2023-09-19 00:00 to 2023-10-18 00:00",2101,205.26
"2023-10-18 00:00 to 2023-11-16 23:00",2906,275.8
"2023-11-17 00:00 to 2023-12-20 00:00",3468,325.05
"2023-12-20 00:00 to 2024-01-23 00:00",3097,241.04
"2024-01-23 00:00 to 2024-02-23 00:00",3207,248.85
"2024-02-23 00:00 to 2024-03-25 01:00",2874,225.21
"2024-03-25 00:00 to 2024-04-25 00:00",2850,223.5
"2024-04-25 00:00 to 2024-05-28 00:00",3160,245.51
"2024-05-28 00:00 to 2024-06-25 00:00",2958,293.83
"2024-06-25 00:00 to 2024-07-26 00:00",4112,412.68
"2024-07-26 00:00 to 2024-08-27 00:00",4224,424.22
"2024-08-27 00:00 to 2024-09-25 00:00",3212,319.98
"2024-09-25 00:00 to 2024-10-28 00:00",3167,246.01
"2024-10-28 00:00 to 2024-11-24 23:00",2519,220.86
"2024-11-25 00:00 to 2024-12-26 00:00",3691,313.77
"2024-12-26 00:00 to 2025-01-27 00:00",3805,302.72
"2025-01-27 00:00 to 2025-02-24 00:00",3241,260.98
"2025-02-24 00:00 to 2025-03-26 01:00",2876,266.35
"2025-03-26 00:00 to 2025-04-25 00:00",2845,263.71
"2025-04-25 00:00 to 2025-05-26 00:00",3097,285.2
"2025-05-26 00:00 to 2025-06-25 00:00",2798,317.25
"2025-06-25 00:00 to 2025-07-27 00:00",4469,530.57
"2025-07-27 00:00 to 2025-08-26 00:00",3882,459.45
"2025-08-26 00:00 to 2025-09-25 00:00",4126,489.02
"2025-09-25 00:00 to 2025-10-28 00:00",3742,354.75
"2025-10-28 00:00 to 2025-11-22 23:00",3041,292.25
"2025-11-23 00:00 to 2025-12-25 00:00",3753,355.73
"2025-12-25 00:00 to 2026-01-27 00:00",3736,342.44
"2026-01-27 00:00 to 2026-02-24 00:00",3290,304.09
"2026-02-24 00:00 to 2026-03-26 01:00",3244,312.82
"2026-03-26 00:00 to 2026-04-27 00:00",3976,385.51
"2026-04-27 00:00 to 2026-05-26 00:00",3653,355.91
"2026-05-26 00:00 to 2026-06-25 00:00",4074,485.64
"2026-06-25 00:00 to 2026-07-27 00:00",4908,594.06
"2026-07-27 00:00 to 2026-08-26 00:00",4862,610.22
"2026-08-26 00:00 to 2026-09-25 00:00",4441,556.45
