"period","usage","cost","cost_per_usage"
"2014-07-03 00:00 to 2014-07-28 00:00",1995.0,207.88,10.42
"2014-07-28 00:00 to 2014-08-26 00:00",2175.0,235.12,10.81
"2014-08-26 00:00 to 2014-09-25 00:00",2079.0,224.26,10.79
"2014-09-25 00:00 to 2014-10-28 00:00",1237.0,96.57,7.81
"2014-10-28 00:00 to 2014-11-23 23:00",797.0,60.21,7.55
"2014-11-24 00:00 to 2014-12-26 00:00",956.0,71.91,7.52
"2014-12-26 00:00 to 2015-01-27 00:00",1038.0,88.62,8.54
"2015-01-27 00:00 to 2015-02-24 00:00",891.0,76.93,8.63
"2015-02-24 00:00 to 2015-03-25 01:00",747.0,64.75,8.67
"2015-03-25 00:00 to 2015-04-28 00:00",1045.0,91.87,8.79
"2015-04-28 00:00 to 2015-05-27 00:00",1609.0,130.04,8.08
"2015-05-27 00:00 to 2015-06-25 00:00",2486.0,236.93,9.53
"2015-06-25 00:00 to 2015-07-28 00:00",2728.0,261.05,9.57
"2015-07-28 00:00 to 2015-08-26 00:00",2385.0,226.86,9.51
"2015-08-26 00:00 to 2015-09-28 00:00",1844.0,153.45,8.32
"2015-09-28 00:00 to 2015-10-27 00:00",934.0,70.29,7.53
"2015-10-27 00:00 to 2015-11-23 23:00",693.0,52.55,7.58
"2015-11-24 00:00 to 2015-12-28 00:00",1165.0,84.06,7.22
"2015-12-28 00:00 to 2016-01-27 00:00",957.0,77.25,8.07
"2016-01-27 00:00 to 2016-02-24 00:00",948.0,76.53,8.07
"2016-02-24 00:00 to 2016-03-28 01:00",1231.0,94.39,7.67
"2016-03-28 00:00 to 2016-04-26 00:00",1025.0,82.14,8.01
"2016-04-26 00:00 to 2016-05-25 00:00",1390.0,103.86,7.47
"2016-05-25 00:00 to 2016-06-27 00:00",2673.0,236.89,8.86
"2016-06-27 00:00 to 2016-07-27 00:00",2905.0,258.39,8.89
"2016-07-27 00:00 to 2016-08-26 00:00",2726.0,244.14,8.96
"2016-08-26 00:00 to 2016-09-28 00:00",2664.0,238.34,8.95
"2016-09-28 00:00 to 2016-10-26 00:00",1172.0,93.28,7.96
"2016-10-26 00:00 to 2016-11-21 23:00",839.0,63.3,7.54
"2016-11-22 00:00 to 2016-12-27 00:00",1009.0,75.64,7.50
"2016-12-27 00:00 to 2017-01-26 00:00",820.0,70.51,8.60
"2017-01-26 00:00 to 2017-02-23 00:00",901.0,77.32,8.58
"2017-02-23 00:00 to 2017-03-28 01:00",902.0,77.41,8.58
"2017-03-28 00:00 to 2017-04-25 00:00",928.0,79.59,8.58
"2017-04-25 00:00 to 2017-05-24 00:00",1242.0,102.81,8.28
"2017-05-24 00:00 to 2017-06-27 00:00",2226.0,209.77,9.42
"2017-06-27 00:00 to 2017-07-26 00:00",2617.0,266.55,10.19
"2017-07-26 00:00 to 2017-08-28 00:00",2832.0,289.34,10.22
"2017-08-28 00:00 to 2017-09-26 00:00",1456.0,143.49,9.86
"2017-09-26 00:00 to 2017-10-26 00:00",1369.0,122.46,8.95
"2017-10-26 00:00 to 2017-11-26 23:00",879.0,83.82,9.54
"2017-11-27 00:00 to 2017-12-20 00:00",764.0,73.06,9.56
"2017-12-20 00:00 to 2018-01-24 00:00",1101.0,91.74,8.33
"2018-01-24 00:00 to 2018-02-23 00:00",964.0,82.26,8.53
"2018-02-23 00:00 to 2018-03-26 01:00",999.0,85.19,8.53
"2018-03-26 00:00 to 2018-04-25 00:00",873.0,74.63,8.55
"2018-04-25 00:00 to 2018-05-24 00:00",1355.0,108.03,7.97
"2018-05-24 00:00 to 2018-06-26 00:00",2566.0,235.8,9.19
"2018-06-26 00:00 to 2018-07-26 00:00",2743.0,264.11,9.63
"2018-07-26 00:00 to 2018-08-28 00:00",2645.0,257.62,9.74
"2018-08-28 00:00 to 2018-09-25 00:00",2385.0,231.23,9.70
"2018-09-25 00:00 to 2018-10-26 00:00",1621.0,133.81,8.25
"2018-10-26 00:00 to 2018-11-26 23:00",979.0,82.28,8.40
"2018-11-27 00:00 to 2018-12-26 00:00",912.0,76.76,8.42
"2018-12-26 00:00 to 2019-01-28 00:00",1056.0,89.79,8.50
"2019-01-28 00:00 to 2019-02-25 00:00",875.0,75.58,8.64
"2019-02-25 00:00 to 2019-03-26 01:00",867.0,74.9,8.64
"2019-03-26 00:00 to 2019-04-24 00:00",936.0,80.74,8.63
"2019-04-24 00:00 to 2019-05-28 00:00",2303.0,170.84,7.42
"2019-05-28 00:00 to 2019-06-26 00:00",2129.0,195.66,9.19
"2019-06-26 00:00 to 2019-07-26 00:00",2832.0,263.85,9.32
"2019-07-26 00:00 to 2019-08-27 00:00",3388.0,317.79,9.38
"2019-08-27 00:00 to 2019-09-25 00:00",2757.0,256.58,9.31
"2019-09-25 00:00 to 2019-10-28 00:00",1775.0,121.88,6.87
"2019-10-28 00:00 to 2019-11-21 23:00",670.0,52.7,7.87
"2019-11-22 00:00 to 2019-12-26 00:00",1005.0,83.33,8.29
"2019-12-26 00:00 to 2020-01-27 00:00",1078.0,92.3,8.56
"2020-01-27 00:00 to 2020-02-25 00:00",1027.0,88.93,8.66
"2020-02-25 00:00 to 2020-03-26 01:00",1025.0,88.8,8.66
"2020-03-26 00:00 to 2020-04-27 00:00",1213.0,101.21,8.34
"2020-04-27 00:00 to 2020-05-26 00:00",1482.0,118.96,8.03
"2020-05-26 00:00 to 2020-06-25 00:00",2605.0,244.44,9.38
"2020-06-25 00:00 to 2020-07-28 00:00",2664.0,257.14,9.65
"2020-07-28 00:00 to 2020-08-26 00:00",2420.0,245.67,10.15
"2020-08-26 00:00 to 2020-09-25 00:00",1842.0,193.61,10.51
"2020-09-25 00:00 to 2020-10-27 00:00",1307.0,124.41,9.52
"2020-10-27 00:00 to 2020-11-19 23:00",1759.0,160.12,9.10
"2020-11-20 00:00 to 2020-12-28 00:00",3120.0,267.63,8.58
"2020-12-28 00:00 to 2021-01-26 00:00",2412.0,175.52,7.28
"2021-01-26 00:00 to 2021-02-23 00:00",2263.0,165.98,7.33
"2021-02-23 00:00 to 2021-03-26 01:00",2178.0,160.54,7.37
"2021-03-26 00:00 to 2021-04-27 00:00",2258.0,194.74,8.62
"2021-04-27 00:00 to 2021-05-25 00:00",2173.0,188.21,8.66
"2021-05-25 00:00 to 2021-06-25 00:00",2761.0,289.77,10.50
"2021-06-25 00:00 to 2021-07-27 00:00",2754.0,289.0,10.49
"2021-07-27 00:00 to 2021-08-25 00:00",2984.0,320.79,10.75
"2021-08-25 00:00 to 2021-09-27 00:00",2694.0,294.92,10.95
"2021-09-27 00:00 to 2021-10-26 00:00",1983.0,192.68,9.72
"2021-10-26 00:00 to 2021-11-22 23:00",1825.0,169.89,9.31
"2021-11-23 00:00 to 2021-12-27 00:00",2113.0,203.92,9.65
"2021-12-27 00:00 to 2022-01-26 00:00",2473.0,191.79,7.76
"2022-01-26 00:00 to 2022-02-23 00:00",2209.0,173.58,7.86
"2022-02-23 00:00 to 2022-03-28 01:00",2192.0,172.4,7.86
"2022-03-28 00:00 to 2022-04-26 00:00",1749.0,141.84,8.11
"2022-04-26 00:00 to 2022-05-24 00:00",2144.0,169.09,7.89
"2022-05-24 00:00 to 2022-06-27 00:00",3121.0,315.17,10.10
"2022-06-27 00:00 to 2022-07-26 00:00",3019.0,307.83,10.20
"2022-07-26 00:00 to 2022-08-25 00:00",2736.0,278.9,10.19
"2022-08-25 00:00 to 2022-09-27 00:00",2619.0,336.32,12.84
"2022-09-27 00:00 to 2022-10-26 00:00",1685.0,178.51,10.59
"2022-10-26 00:00 to 2022-11-21 23:00",1697.0,170.34,10.04
"2022-11-22 00:00 to 2022-12-27 00:00",2441.0,196.65,8.06
"2022-12-27 00:00 to 2023-01-26 00:00",2256.0,197.11,8.74
"2023-01-26 00:00 to 2023-02-24 00:00",2131.0,187.36,8.79
"2023-02-24 00:00 to 2023-03-28 01:00",2081.0,183.46,8.82
"2023-03-28 00:00 to 2023-04-25 00:00",1708.0,154.37,9.04
"2023-04-25 00:00 to 2023-05-24 00:00",1899.0,169.28,8.91
"2023-05-24 00:00 to 2023-06-23 00:00",2369.0,249.74,10.54
"2023-06-23 00:00 to 2023-07-24 00:00",2854.0,303.09,10.62
"2023-07-24 00:00 to 2023-08-22 00:00",2964.0,315.19,10.63
"2023-08-22 00:00 to 2023-09-19 00:00",2703.0,312.51,11.56
"2023-09-19 00:00 to 2023-10-18 00:00",2101.0,205.26,9.77
"2023-10-18 00:00 to 2023-11-16 23:00",2906.0,275.8,9.49
"2023-11-17 00:00 to 2023-12-20 00:00",3468.0,325.05,9.37
"2023-12-20 00:00 to 2024-01-23 00:00",3097.0,241.04,7.78
"2024-01-23 00:00 to 2024-02-23 00:00",3207.0,248.85,7.76
"2024-02-23 00:00 to 2024-03-25 01:00",2874.0,225.21,7.84
"2024-03-25 00:00 to 2024-04-25 00:00",2850.0,223.5,7.84
"2024-04-25 00:00 to 2024-05-28 00:00",3160.0,245.51,7.77
"2024-05-28 00:00 to 2024-06-25 00:00",2958.0,293.83,9.93
"2024-06-25 00:00 to 2024-07-26 00:00",4112.0,412.68,10.04
"2024-07-26 00:00 to 2024-08-27 00:00",4224.0,424.22,10.04
"2024-08-27 00:00 to 2024-09-25 00:00",3212.0,319.98,9.96
"2024-09-25 00:00 to 2024-10-28 00:00",3167.0,246.01,7.77
"2024-10-28 00:00 to 2024-11-24 23:00",2519.0,220.86,8.77
"2024-11-25 00:00 to 2024-12-26 00:00",3691.0,313.77,8.50
"2024-12-26 00:00 to 2025-01-27 00:00",3805.0,302.72,7.96
"2025-01-27 00:00 to 2025-02-24 00:00",3241.0,260.98,8.05
"2025-02-24 00:00 to 2025-03-26 01:00",2876.0,266.35,9.26
"2025-03-26 00:00 to 2025-04-25 00:00",2845.0,263.71,9.27
"2025-04-25 00:00 to 2025-05-26 00:00",3097.0,285.2,9.21
"2025-05-26 00:00 to 2025-06-25 00:00",2798.0,317.25,11.34
"2025-06-25 00:00 to 2025-07-27 00:00",4469.0,530.57,11.87
"2025-07-27 00:00 to 2025-08-26 00:00",3882.0,459.45,11.84
"2025-08-26 00:00 to 2025-09-25 00:00",4126.0,489.02,11.85
"2025-09-25 00:00 to 2025-10-28 00:00",3742.0,354.75,9.48
"2025-10-28 00:00 to 2025-11-22 23:00",3041.0,292.25,9.61
"2025-11-23 00:00 to 2025-12-25 00:00",3753.0,355.73,9.48
"2025-12-25 00:00 to 2026-01-27 00:00",3736.0,342.44,9.17
"2026-01-27 00:00 to 2026-02-24 00:00",3290.0,304.09,9.24
"2026-02-24 00:00 to 2026-03-26 01:00",3244.0,312.82,9.64
"2026-03-26 00:00 to 2026-04-27 00:00",3976.0,385.51,9.70
"2026-04-27 00:00 to 2026-05-26 00:00",3653.0,355.91,9.74
"2026-05-26 00:00 to 2026-06-25 00:00",4074.0,485.64,11.92
"2026-06-25 00:00 to 2026-07-27 00:00",4908.0,594.06,12.10
"2026-07-27 00:00 to 2026-08-26 00:00",4862.0,610.22,12.55
"2026-08-26 00:00 to 2026-09-25 00:00",4441.0,556.45,12.53
